{"cameraMode":{"drawMode":0,"name":"Shaded","section":"Shading Mode"},"sceneLighting":true,"audioPlay":false,"sceneViewState":{"showFog":true,"showMaterialUpdate":false,"showSkybox":true,"showFlares":true,"showImageEffects":true,"showParticleSystems":true},"in2DMode":false,"pivot":{"x":12.75439453125,"y":1.8427734375,"z":15.248046875},"rotation":{"x":-0.11167722940444946,"y":0.875230073928833,"z":-0.4035196304321289,"w":-0.24222715198993684},"size":14.977546691894532,"orthographic":true}